tuan,ngay
w1t4,08-04-2022
w2t4,15-04-2022
w3t4,22-04-2022
w4t4,29-04-2022
w1t5,06-05-2022
w2t5,13-05-2022
w3t5,20-05-2022
w4t5,27-05-2022
W1T6,12-06-2022
W2T6,19-06-2022
W3T6,26-06-2022
W4T6,30-06-2022
W1T7,09-07-2022
W2T7,17-07-2022
W3T7,24-07-2022
W4T7,31-07-2022
W1T8,07-08-2022
W2T8,14-08-2022
W3T8,21-08-2022
W4T8,31-08-2022
W1T9,11-09-2022
W2T9,18-09-2022
W3T9,25-09-2022
W4T9,30-09-2022
W1T10,09-10-2022
W2T10,16-10-2022
W3T10,23-10-2022
W4T10,31-10-2022
W1T11,06-11-2022
W2T11,13-11-2022
W3T11,20-11-2022
W4T11,30-11-2022
W1T12,10-12-2022
W2T12,18-12-2022
W3T12,25-12-2022
W4T12,31-12-2022